{
  "average_frame_build_time_millis": 3.224461538461539,
  "90th_percentile_frame_build_time_millis": 3.755,
  "99th_percentile_frame_build_time_millis": 19.391,
  "worst_frame_build_time_millis": 19.391,
  "missed_frame_build_budget_count": 1,
  "average_frame_rasterizer_time_millis": 3.693,
  "90th_percentile_frame_rasterizer_time_millis": 4.843,
  "99th_percentile_frame_rasterizer_time_millis": 5.02,
  "worst_frame_rasterizer_time_millis": 5.02,
  "missed_frame_rasterizer_budget_count": 0,
  "frame_count": 13,
  "frame_build_times": [
    19391,
    1864,
    2327,
    3755,
    1566,
    1446,
    1788,
    1275,
    1361,
    1639,
    1529,
    1895,
    2082
  ],
  "frame_rasterizer_times": [
    2170,
    4057,
    5020,
    3378,
    4843,
    4628,
    3012,
    2991,
    3449,
    2434,
    3278,
    4423,
    4326
  ]
}