{
  "average_frame_build_time_millis": 3.3304166666666677,
  "90th_percentile_frame_build_time_millis": 2.406,
  "99th_percentile_frame_build_time_millis": 18.417,
  "worst_frame_build_time_millis": 18.417,
  "missed_frame_build_budget_count": 1,
  "average_frame_rasterizer_time_millis": 4.62725,
  "90th_percentile_frame_rasterizer_time_millis": 6.274,
  "99th_percentile_frame_rasterizer_time_millis": 6.739,
  "worst_frame_rasterizer_time_millis": 6.739,
  "missed_frame_rasterizer_budget_count": 0,
  "frame_count": 12,
  "frame_build_times": [
    18417,
    2224,
    2088,
    1691,
    1320,
    1536,
    1728,
    2176,
    2249,
    2298,
    1832,
    2406
  ],
  "frame_rasterizer_times": [
    2368,
    2335,
    2841,
    3601,
    4668,
    5918,
    6211,
    6739,
    6274,
    4981,
    4598,
    4993
  ]
}