{
  "average_frame_build_time_millis": 1.012,
  "90th_percentile_frame_build_time_millis": 1.012,
  "99th_percentile_frame_build_time_millis": 1.012,
  "worst_frame_build_time_millis": 1.012,
  "missed_frame_build_budget_count": 0,
  "average_frame_rasterizer_time_millis": 5.0935,
  "90th_percentile_frame_rasterizer_time_millis": 8.35,
  "99th_percentile_frame_rasterizer_time_millis": 8.35,
  "worst_frame_rasterizer_time_millis": 8.35,
  "missed_frame_rasterizer_budget_count": 1,
  "frame_count": 1,
  "frame_build_times": [
    1012
  ],
  "frame_rasterizer_times": [
    8350,
    1837
  ]
}