{
  "average_frame_build_time_millis": 1.849,
  "90th_percentile_frame_build_time_millis": 1.863,
  "99th_percentile_frame_build_time_millis": 6.345,
  "worst_frame_build_time_millis": 6.345,
  "missed_frame_build_budget_count": 0,
  "average_frame_rasterizer_time_millis": 3.1030769230769226,
  "90th_percentile_frame_rasterizer_time_millis": 3.924,
  "99th_percentile_frame_rasterizer_time_millis": 4.872,
  "worst_frame_rasterizer_time_millis": 4.872,
  "missed_frame_rasterizer_budget_count": 0,
  "frame_count": 13,
  "frame_build_times": [
    6345,
    1352,
    1222,
    1814,
    1486,
    1863,
    1303,
    1722,
    1218,
    1398,
    1845,
    1296,
    1173
  ],
  "frame_rasterizer_times": [
    2057,
    2762,
    3081,
    2921,
    2495,
    2907,
    2575,
    4872,
    3773,
    3924,
    2129,
    3229,
    3615
  ]
}