{
  "average_frame_build_time_millis": 1.9,
  "90th_percentile_frame_build_time_millis": 1.907,
  "99th_percentile_frame_build_time_millis": 6.859,
  "worst_frame_build_time_millis": 6.859,
  "missed_frame_build_budget_count": 0,
  "average_frame_rasterizer_time_millis": 3.196538461538461,
  "90th_percentile_frame_rasterizer_time_millis": 3.692,
  "99th_percentile_frame_rasterizer_time_millis": 4.201,
  "worst_frame_rasterizer_time_millis": 4.201,
  "missed_frame_rasterizer_budget_count": 0,
  "frame_count": 13,
  "frame_build_times": [
    6859,
    1234,
    1085,
    1893,
    1307,
    1286,
    1907,
    1622,
    1386,
    1743,
    1455,
    1365,
    1558
  ],
  "frame_rasterizer_times": [
    2491,
    2697,
    2783,
    3274,
    2981,
    4201,
    3692,
    3465,
    3264,
    3385,
    3352,
    2920,
    3050
  ]
}