{
  "average_frame_build_time_millis": 1.418,
  "90th_percentile_frame_build_time_millis": 2.107,
  "99th_percentile_frame_build_time_millis": 5.548,
  "worst_frame_build_time_millis": 5.548,
  "missed_frame_build_budget_count": 0,
  "average_frame_rasterizer_time_millis": 2.7360714285714285,
  "90th_percentile_frame_rasterizer_time_millis": 3.375,
  "99th_percentile_frame_rasterizer_time_millis": 3.604,
  "worst_frame_rasterizer_time_millis": 3.604,
  "missed_frame_rasterizer_budget_count": 0,
  "frame_count": 14,
  "frame_build_times": [
    5548,
    983,
    1386,
    1030,
    896,
    886,
    913,
    876,
    883,
    901,
    1209,
    2107,
    1178,
    1056
  ],
  "frame_rasterizer_times": [
    2492,
    2874,
    2486,
    2657,
    2613,
    2356,
    2603,
    2619,
    2489,
    2826,
    3604,
    2642,
    2669,
    3375
  ]
}