{
  "average_frame_build_time_millis": 2.466,
  "90th_percentile_frame_build_time_millis": 6.656,
  "99th_percentile_frame_build_time_millis": 10.343,
  "worst_frame_build_time_millis": 10.343,
  "missed_frame_build_budget_count": 1,
  "average_frame_rasterizer_time_millis": 3.334,
  "90th_percentile_frame_rasterizer_time_millis": 3.493,
  "99th_percentile_frame_rasterizer_time_millis": 6.294,
  "worst_frame_rasterizer_time_millis": 6.294,
  "missed_frame_rasterizer_budget_count": 0,
  "frame_count": 13,
  "frame_build_times": [
    6656,
    1126,
    10343,
    2058,
    1226,
    1329,
    1833,
    1318,
    1170,
    1068,
    1078,
    1081,
    1772
  ],
  "frame_rasterizer_times": [
    2623,
    3444,
    3114,
    6294,
    3493,
    3322,
    3429,
    3072,
    2829,
    2980,
    2935,
    3066,
    2741
  ]
}