{
  "average_frame_build_time_millis": 3.627333333333334,
  "90th_percentile_frame_build_time_millis": 6.715,
  "99th_percentile_frame_build_time_millis": 14.08,
  "worst_frame_build_time_millis": 14.08,
  "missed_frame_build_budget_count": 1,
  "average_frame_rasterizer_time_millis": 4.1445,
  "90th_percentile_frame_rasterizer_time_millis": 5.647,
  "99th_percentile_frame_rasterizer_time_millis": 8.711,
  "worst_frame_rasterizer_time_millis": 8.711,
  "missed_frame_rasterizer_budget_count": 1,
  "frame_count": 12,
  "frame_build_times": [
    4035,
    1809,
    2128,
    1007,
    14080,
    4335,
    1839,
    1018,
    1582,
    2184,
    2796,
    6715
  ],
  "frame_rasterizer_times": [
    2017,
    3034,
    5647,
    3100,
    3077,
    8711,
    4533,
    3048,
    2542,
    4927,
    4181,
    4917
  ]
}